{"took": 22, "timed_out": false,
    "_shards": {
    "total": 5,
    "successful": 5,
    "failed": 0
    },
    "hits": {

    "total": 70,
    "max_score": 1.0,
    "hits": [

        {
            "_index": "pageindex",
            "_type": "ps",
            "_id": "1",
            "_score": 1.0,
            "_source": {
                "pagenum": "1",
                "title": "Home",
                "desc": "Report Browser, Market Commentary, Most Viewed Articles . Updated at least eight times daily. ",
                "nav": "Left-hand navigation",
                "link": "home",
                "entitlement" : "pageIndex.marketscope"
            }
        },
        {
            "_index": "pageindex",
            "_type": "ps",
            "_id": "2",
            "_score": 1.0,
            "_source": {
                "pagenum": "2",
                "title": "Market Commentary",
                "desc": "What's happening in the market and why. Updated as warranted.",
                "nav": "Right-hand side various content pages",
                "link": "home",
                "entitlement" : "pageIndex.marketscope"
            }
        },
        {
            "_index": "pageindex",
            "_type": "ps",
            "_id": "3",
            "_score": 1.0,
            "_source": {
                "pagenum": "3",
                "title": "MarketMovers",
                "desc": "Which stocks are moving and why. Updated throughout the day.",
                "nav": "Left-hand navigation",
                "link": "marketscope/marketMovers",
                "entitlement" : "pageIndex.marketscope"
            }
        },
        {
            "_index": "pageindex",
            "_type": "ps",
            "_id": "4",
            "_score": 1.0,
            "_source": {
                "pagenum": "4",
                "title": "S&P Capital IQ Research Notes",
                "desc": "S&P Capital IQ analysts' comments including buy, hold or sell recommendations on individual stocks, featuring the security's STARS ranking. Updated throughout the trading day. ",
                "nav": "Left-hand navigation",
                "link": "marketscope/researchNotes",
                "entitlement" : "pageIndex.marketscope"
            }
        },
        {
            "_index": "pageindex",
            "_type": "ps",
            "_id": "5",
            "_score": 1.0,
            "_source": {
                "pagenum": "5",
                "title": "Broker Views & News",
                "desc": "Comments from non-S&P Capital IQ equity analysts.. ",
                "nav": "Left-hand navigation",
                "link": "marketscope/brokerViews",
                "entitlement" : "pageIndex.marketscope"
            }
        },
        {
            "_index": "pageindex",
            "_type": "ps",
            "_id": "6",
            "_score": 1.0,
            "_source": {
                "pagenum": "6",
                "title": "S&P FOCUS STOCK OF THE WEEK",
                "desc": "An expanded analysis of a featured stock from S&P Capital IQ's universe of more than 1,200 STARS-ranked stocks. Updated Monday mornings of non-holiday weeks.",
                "nav": "Left-hand navigation",
                "link": "marketscope/focusStock/",
                "entitlement" : "pageIndex.marketscope"
            }
        },
        {
            "_index": "pageindex",
            "_type": "ps",
            "_id": "7",
            "_score": 1.0,
            "_source": {
                "pagenum": "7",
                "title": "INVESTMENT IDEAS: AGGRESSIVE GROWTH",
                "desc": "The Investment Ideas Portfolio is managed by S&P Capital IQ 's Chief Technical Strategist, Mark Arbeter. Selections are a combination of S&P Capital IQ Equities STARS universe as well as Exchange Traded Funds (ETF'S). Selections can be both long and short recommendations, as well as those ETF's that can double the performance of the underlying index or commodity. Each selection is assigned to a group: Aggressive Growth, Defensive Growth, Income/Total Return, or Cyclical/Special Situations.",
                "nav": "Left-hand navigation",
                "link": "marketscope/portfolios/portfoliosSubDetails/INVDS/Investment%20Ideas/CURRENT",
                "entitlement" : "pageIndex.marketscope"
            }
        },

        {
            "_index": "pageindex",
            "_type": "ps",
            "_id": "8",
            "_score": 1.0,
            "_source": {
                "pagenum": "8",
                "title": "INVESTMENT IDEAS: DEFENSIVE GROWTH",
                "desc": "The Investment Ideas Portfolio is managed by S&P Capital IQ 's Chief Technical Strategist, Mark Arbeter. Selections are a combination of S&P Capital IQ Equities STARS universe as well as Exchange Traded Funds (ETF'S). Selections can be both long and short recommendations, as well as those ETF's that can double the performance of the underlying index or commodity. Each selection is assigned to a group: Aggressive Growth, Defensive Growth, Income/Total Return, or Cyclical/Special Situations.",
                "nav": "Left-hand navigation",
                "link": "marketscope/portfolios/portfoliosSubDetails/INVDS/Investment%20Ideas/CURRENT",
                "entitlement" : "pageIndex.marketscope"
            }
        },
        {
            "_index": "pageindex",
            "_type": "ps",
            "_id": "9",
            "_score": 1.0,
            "_source": {
                "pagenum": "9",
                "title": "Investment Ideas:Income/Total Return",
                "desc": "The Investment Ideas Portfolio is managed by S&P Capital IQ's Chief Technical Strategist, Mark Arbeter. Selections are a combination of S&P Capital IQ Equities STARS universe as well as Exchange Traded Funds (ETF'S). Selections can be both long and short recommendations, as well as those ETF's that can double the performance of the underlying index or commodity. Each selection is assigned to a group: Aggressive Growth, Defensive Growth, Income/Total Return, or Cyclical/Special Situations.",
                "nav": "Left-hand navigation",
                "link": "marketscope/portfolios/portfoliosSubDetails/INVDS/Investment%20Ideas/CURRENT",
                "entitlement" : "pageIndex.marketscope"
            }
        },
        {
            "_index": "pageindex",
            "_type": "ps",
            "_id": "10",
            "_score": 1.0,
            "_source": {
                "pagenum": "10",
                "title": "INVESTMENT IDEAS: CYCLICAL/SPECIAL SITUATIONS",
                "desc": "The Investment Ideas Portfolio is managed by S&P's Chief Technical Strategist, Mark Arbeter. Selections are a combination of S&P Equities STARS universe as well as Exchange Traded Funds (ETF'S). Selections can be both long and short recommendations, as well as those ETF's that can double the performance of the underlying index or commodity. Each selection is assigned to a group: Aggressive Growth, Defensive Growth, Income/Total Return, or Cyclical/Special Situations.",
                "nav": "Left-hand navigation",
                "link": "marketscope/portfolios/portfoliosSubDetails/INVDS/Investment%20Ideas/CURRENT",
                "entitlement" : "pageIndex.marketscope"
            }
        },
        {
            "_index": "pageindex",
            "_type": "ps",
            "_id": "12",
            "_score": 1.0,
            "_source": {
                "pagenum": "12",
                "title": "S&P POWERPICKS Portfolio",
                "desc": "The S&P PowerPicks Portfolio represents the collective best ideas of S&P Capital IQ's U.S. equity research staff for the coming 12-months. Forty stocks are selected across 10 sectors, and the marketscope/portfolio remains static for one full calendar year.",
                "nav": "Left-hand navigation",
                "link": "marketscope/portfolios/portfoliosSubDetails/PWPIK/Powerpicks/CURRENT",
                "entitlement" : "pageIndex.marketscope"
            }
        },
        {
            "_index": "pageindex",
            "_type": "ps",
            "_id": "13",
            "_score": 1.0,
            "_source": {
                "pagenum": "13",
                "title": "S&P GLOBAL PICKS",
                "desc": "S&P Global Picks Portfolio represents the collective best ideas of S&P Capital IQ's global equity research staff for the coming 12 months. **Thirty stocks are selected across all economic sectors. Ten selections are from North America, 10 from Europe and 10 from Asia. The Portfolio remains static for one **full calendar year.",
                "nav": " Left-hand navigation",
                "link": "marketscope/portfolios/portfoliosSubDetails/GLPIK/Global%20Picks/CURRENT",
                "entitlement" : "pageIndex.marketscope"
            }
        },
        {
            "_index": "pageindex",
            "_type": "ps",
            "_id": "24",
            "_score": 1.0,
            "_source": {
                "pagenum": "24",
                "title": "TECHNICAL MARKET INDICATORS",
                "desc": "Called Technical Trends in MarketScope Advisor, S&P Capital IQ Chief Technical Analyst Mark Arbeter provides technical commentary and recommendations based on technical analysis on various financial markets. Updated on Wednesday and Friday.",
                "nav": "Left-hand navigation",
                "link": "stocks/techTrends",
                "entitlement" : "pageIndex.stock"
            }
        },
        {
            "_index": "pageindex",
            "_type": "ps",
            "_id": "26",
            "_score": 1.0,
            "_source": {
                "pagenum": "26",
                "title": "PLATINUM Portfolio -ADDS",
                "desc": "Additions to Platinum Portfolio. Updated whenever there is a change.",
                "nav": "Left-hand navigation",
                "link": "marketscope/portfolios/portfoliosSubDetails/PLATM/Platinum/CURRENT",
                "entitlement" : "pageIndex.marketscope"
            }
        },
        {
            "_index": "pageindex",
            "_type": "ps",
            "_id": "27",
            "_score": 1.0,
            "_source": {
                "pagenum": "27",
                "title": "PLATINUM Portfolio - COMPONENTS",
                "desc": "Stocks with top rankings in both STARS and Fair Value systems. Updated daily.",
                "nav": "Left-hand navigation",
                "link": "marketscope/portfolios/portfoliosSubDetails/PLATM/Platinum/CURRENT",
                "entitlement" : "pageIndex.marketscope"
            }
        },
        {
            "_index": "pageindex",
            "_type": "ps",
            "_id": "28",
            "_score": 1.0,
            "_source": {
                "pagenum": "28",
                "title": "Platinum Portfolio - Deletes",
                "desc": "Deletions from Platinum Portfolio. Updated whenever there is a change.",
                "nav": "S&P Capital IQ Portfolio: Left-hand navigation",
                "link": "marketscope/portfolios/portfoliosSubDetails/PLATM/Platinum/DELETES",
                "entitlement" : "pageIndex.marketscope"
            }
        },
        {
            "_index": "pageindex",
            "_type": "ps",
            "_id": "29",
            "_score": 1.0,
            "_source": {
                "pagenum": "29",
                "title": "PLATINUM USER GUIDE",
                "desc": "Describes Platinum Portfolio's methodology.",
                "nav": "S&P Capital IQ Portfolio: Left-hand navigation",
                "link": "marketscope/portfolios/portfoliosSubDetails/PLATM/Platinum/CURRENT",
                "entitlement" : "pageIndex.marketscope"
            }
        },
        {
            "_index": "pageindex",
            "_type": "ps",
            "_id": "34",
            "_score": 1.0,
            "_source": {
                "pagenum": "34",
                "title": "FAIR VALUE Portfolio - ADDS",
                "desc": "Additions to Fair Value Portfolio. Updated whenever there is a change",
                "nav": "S&P Capital IQ Portfolio: Left-hand navigation",
                "link": "marketscope/portfolios/portfoliosSubDetails/FRVAL/Fair%20Value/CURRENT",
                "entitlement" : "pageIndex.marketscope"
            }
        },
        {
            "_index": "pageindex",
            "_type": "ps",
            "_id": "35",
            "_score": 1.0,
            "_source": {
                "pagenum": "35",
                "title": "Fair Value Portfolio - Components",
                "desc": "Stocks with top rankings in Fair Value System. Generally updated on Tuesdays",
                "nav": "S&P Capital IQ Portfolio: Left-hand navigation",
                "link": "marketscope/portfolios/portfoliosSubDetails/FRVAL/Fair%20Value/CURRENT",
                "entitlement" : "pageIndex.marketscope"
            }
        },
        {
            "_index": "pageindex",
            "_type": "ps",
            "_id": "36",
            "_score": 1.0,
            "_source": {
                "pagenum": "36",
                "title": "FAIR VALUE Portfolio - DELETES",
                "desc": "Deletions to Fair Value Portfolio. Updated whenever there is a change.",
                "nav": "S&P Capital IQ Portfolio: Left-hand navigation",
                "link": "marketscope/portfolios/portfoliosSubDetails/FRVAL/Fair%20Value/DELETES",
                "entitlement" : "pageIndex.marketscope"
            }
        },
        {
            "_index": "pageindex",
            "_type": "ps",
            "_id": "43",
            "_score": 1.0,
            "_source": {
                "pagenum": "43",
                "title": "MORNING BRIEFING",
                "desc": "Offers users a glimpse of what's new on MarketScope. It offers capsule summaries of overnight activity in Asia and Europe; lists the day's potentially market-moving events (economic reports, Fed meetings, earnings announcements and other news items) and important pre-market research notes from S&P Capital IQ Equity Research. It is updated every morning by 8:30 am ET.",
                "nav": "Left-hand navigation ? MORNING BRIEFING",
                "link": "marketscope/morningbriefing",
                "entitlement" : "pageIndex.marketscope"
            }
        },
        {
            "_index": "pageindex",
            "_type": "ps",
            "_id": "44",
            "_score": 1.0,
            "_source": {
                "pagenum": "44",
                "title": "S&P CAPITAL IQ GLOBAL STARS",
                "desc": "Lists, in alphabetical order, all equities followed analytically by S&P Capital IQ Equity Research Services staff in Europe and Asia.",
                "nav": "Left-hand navigation ? MORNING BRIEFING",
                "link": "home",
                "entitlement" : "pageIndex.marketscope"
            }
        },
        {
            "_index": "pageindex",
            "_type": "ps",
            "_id": "47",
            "_score": 1.0,
            "_source": {
                "pagenum": "47",
                "title": "Technical Analysis",
                "desc": "Short and long-term technical analysis, including Trader Tactics. Updated as warranted.",
                "nav": "Left-hand navigation",
                "link": "marketscope/techAnalysis",
                "entitlement" : "pageIndex.marketscope"
            }
        },
        {
            "_index": "pageindex",
            "_type": "ps",
            "_id": "48",
            "_score": 1.0,
            "_source": {
                "pagenum": "48",
                "title": "COMMODITIES MARKETS",
                "desc": "Commentary on energy and precious metals markets. Updated at least 2x per day.",
                "nav": "Left-hand navigation",
                "link": "marketscope/streetTalk",
                "entitlement" : "pageIndex.marketscope"
            }
        },
        {
            "_index": "pageindex",
            "_type": "ps",
            "_id": "49",
            "_score": 1.0,
            "_source": {
                "pagenum": "49",
                "title": "STREET TALK",
                "desc": "Commentary on equity markets, S&P Futures, Treasuries, currency, and Federal Reserve. Updated at least 10x per day.",
                "nav": "Left-hand navigation",
                "link": "marketscope/streetTalk",
                "entitlement" : "pageIndex.marketscope"
            }
        },
        {
            "_index": "pageindex",
            "_type": "ps",
            "_id": "50",
            "_score": 1.0,
            "_source": {
                "pagenum": "50",
                "title": "S&P CAPITAL IQ ECONOMIC OUTLOOK",
                "desc": "Economic commentary and outlook from S&P Capital IQ's economists and editors. Updated as warranted.",
                "nav": "Left-hand navigation - Investment Strategy",
                "link": "marketscope/economyWatch",
                "entitlement" : "pageIndex.marketscope"
            }
        },
        {
            "_index": "pageindex",
            "_type": "ps",
            "_id": "54",
            "_score": 1.0,
            "_source": {
                "pagenum": "54",
                "title": "S&P Capital IQ Investment Strategy",
                "desc": "S&P Capital IQ's official asset allocation and investment outlook. Updated Thursday mornings, more often as warranted.",
                "nav": "Left-hand navigation - Investment Strategy",
                "link": "marketscope/investmentStrategy/US",
                "entitlement" : "pageIndex.marketscope"
            }
        },
        {
            "_index": "pageindex",
            "_type": "ps",
            "_id": "55",
            "_score": 1.0,
            "_source": {
                "pagenum": "55",
                "title": "ECONOMIC CALENDAR",
                "desc": "Calendar of today's and upcoming economic releases (actuals & forecast)",
                "nav": "Left-hand navigation - Investment Strategy",
                "link": "marketscope/economyWatch",
                "entitlement" : "pageIndex.marketscope"
            }
        },
        {
            "_index": "pageindex",
            "_type": "ps",
            "_id": "56",
            "_score": 1.0,
            "_source": {
                "pagenum": "56",
                "title": "ECONOMY WATCH",
                "desc": "Forecasts and commentary by S&P Capital IQ Economics on such key market-moving economic reports as non-farm payrolls, weekly jobless claims, unemployment rate, products and consumer prices, retail sales, etc. Updated as warranted.",
                "nav": "Left-hand navigation - Investment Strategy",
                "link": "marketscope/economyWatch",
                "entitlement" : "pageIndex.marketscope"
            }
        },
        {
            "_index": "pageindex",
            "_type": "ps",
            "_id": "57",
            "_score": 1.0,
            "_source": {
                "pagenum": "57",
                "title": "S&P FED WATCH",
                "desc": "Highlights from Fed FOMC minutes, including commentary from S&P Capital IQ Economics team. Updated as warranted.",
                "nav": "Left-hand navigation - Investment Strategy",
                "link": "marketscope/economyWatch",
                "entitlement" : "pageIndex.marketscope"
            }
        },
        {
            "_index": "pageindex",
            "_type": "ps",
            "_id": "58",
            "_score": 1.0,
            "_source": {
                "pagenum": "58",
                "title": "TODAY'S TREASURY YIELDS",
                "desc": "Lists, in tabular form, interest rates of bills, notes, bonds. Updated 6x per day.",
                "nav": "Left-hand navigation - Investment Strategy",
                "link": "home",
                "entitlement" : "pageIndex.marketscope"
            }
        },
        {
            "_index": "pageindex",
            "_type": "ps",
            "_id": "59",
            "_score": 1.0,
            "_source": {
                "pagenum": "59",
                "title": "Today's Exchange Rates",
                "desc": "Table of today's exchange rates. Updated 6x per day.",
                "nav": "FX Tab, Right-hand side various content pages",
                "link": "home",
                "entitlement" : "pageIndex.marketscope"
            }
        },
        {
            "_index": "pageindex",
            "_type": "ps",
            "_id": "60",
            "_score": 1.0,
            "_source": {
                "pagenum": "60",
                "title": "TREASURY MARKET COMMENTARY",
                "desc": "Commentary on activity in the Treasury markets. Updated 2x per day.",
                "nav": "Left-hand navigation",
                "link": "marketscope/streetTalk",
                "entitlement" : "pageIndex.marketscope"
            }
        }
        ,
        {
            "_index": "pageindex",
            "_type": "ps",
            "_id": "67",
            "_score": 1.0,
            "_source": {
                "pagenum": "67",
                "title": "S&P'S TOP TEN Portfolio",
                "desc": "Stocks within S&P Capital IQ Equity Research's universe believed by our Senior Portfolio Committee to be best poised for gains in the coming 12 months.",
                "nav": "Left-hand navigation",
                "link": "marketscope/portfolios/portfoliosSubDetails/TOPTN/Top%20Ten/CURRENT",
                "entitlement" : "pageIndex.marketscope"
            }
        },
        {
            "_index": "pageindex",
            "_type": "ps",
            "_id": "68",
            "_score": 1.0,
            "_source": {
                "pagenum": "68",
                "title": "NEW EPS ESTIMATES",
                "desc": "S&P Capital IQ Equity Research's universe EPS estimates for companies in our STARS universe.",
                "nav": "Left-hand navigation",
                "link": "stocks/starstocks/5",
                "entitlement" : "pageIndex.stock"
            }
        },
        {
            "_index": "pageindex",
            "_type": "ps",
            "_id": "70",
            "_score": 1.0,
            "_source": {
                "pagenum": "70",
                "title": "STARS CHANGES",
                "desc": "Recent changes in STARS ranking by S&P Capital IQ analysts. Updated as warranted.",
                "nav": "Left-hand navigation",
                "link": "stocks/starChanges",
                "entitlement" : "pageIndex.stock"
            }
        },
        {
            "_index": "pageindex",
            "_type": "ps",
            "_id": "71",
            "_score": 1.0,
            "_source": {
                "pagenum": "71",
                "title": "* STOCKS",
                "desc": "Stocks ranked 1-STARS (strong sell) by S&P Capital IQ analysts. Updated as warranted.",
                "nav": "Left-hand navigation",
                "link": "stocks/starstocks/1",
                "entitlement" : "pageIndex.stock"
            }
        },
        {
            "_index": "pageindex",
            "_type": "ps",
            "_id": "72",
            "_score": 1.0,
            "_source": {
                "pagenum": "72",
                "title": "** STOCKS",
                "desc": "Stocks ranked 2-STARS (sell) by S&P Capital IQ analysts. Updated as warranted.",
                "nav": "Left-hand navigation",
                "link": "stocks/starstocks/2",
                "entitlement" : "pageIndex.stock"
            }
        },
        {
            "_index": "pageindex",
            "_type": "ps",
            "_id": "73",
            "_score": 1.0,
            "_source": {
                "pagenum": "73",
                "title": "*** STOCKS",
                "desc": "Stocks ranked 3-STARS (hold) by S&P Capital IQ analysts. Updated as warranted.",
                "nav": "Left-hand navigation",
                "link": "stocks/starstocks/3",
                "entitlement" : "pageIndex.stock"
            }
        } ,
        {
            "_index": "pageindex",
            "_type": "ps",
            "_id": "74",
            "_score": 1.0,
            "_source": {
                "pagenum": "74",
                "title": "**** STOCKS",
                "desc": "Stocks ranked 4-STARS (buy) by S&P Capital IQ analysts. Updated as warranted.",
                "nav": "Left-hand navigation",
                "link": "stocks/starstocks/4",
                "entitlement" : "pageIndex.stock"
            }
        },
        {
            "_index": "pageindex",
            "_type": "ps",
            "_id": "75",
            "_score": 1.0,
            "_source": {
                "pagenum": "75",
                "title": "***** STOCKS",
                "desc": "Stocks ranked 5-STARS (strong buy) by S&P Capital IQ analysts. Updated as warranted.",
                "nav": "Left-hand navigation",
                "link": "stocks/starstocks/5",
                "entitlement" : "pageIndex.stock"
            }
        } ,
        {
            "_index": "pageindex",
            "_type": "ps",
            "_id": "76",
            "_score": 1.0,
            "_source": {
                "pagenum": "76",
                "title": "INCOME STOCKS",
                "desc": "Stocks with above average dividends, ranked 3,4, or 5 STARS, and have an S&P Capital IQ's Quality Ranking of B+ or better. Updated every Tuesday.",
                "nav": "Left-hand navigation",
                "link": "marketscope/portfolios/portfoliosSubDetails/INCOM/Income%20Stocks/CURRENT",
                "entitlement" : "pageIndex.marketscope"
            }
        } ,
        {
            "_index": "pageindex",
            "_type": "ps",
            "_id": "77",
            "_score": 1.0,
            "_source": {
                "pagenum": "77",
                "title": "STARS PERFORMANCE",
                "desc": "S&P Capital IQ's proprietary STARS (Stock Appreciation Ranking System) offers a fundamental approach to equities analysis. STARS evaluates the immediate investment potential of the stock it covers, with emphasis on the timing of investment decisions. View performance of S&P Capital IQ STARS versus the S&P 500.",
                "nav": "Left-hand navigation",
                "link": "stocks/starPerformance",
                "entitlement" : "pageIndex.stock"
            }
        },
        {
            "_index": "pageindex",
            "_type": "ps",
            "_id": "78",
            "_score": 1.0,
            "_source": {
                "pagenum": "78",
                "title": "HIGH YIELD STOCKS",
                "desc": "The 30 highest dividend paying stocks from our universe of stocks ranked 3,4, and 5 STARS. The issues must also have an S&P Capital IQ Quality Ranking of B+ or better. Updated every Tuesday.",
                "nav": "Left-hand navigation",
                "link": "marketscope/portfolios/portfoliosSubDetails/HGYLD/High%20Yield%20Stocks/CURRENT",
                "entitlement" : "pageIndex.marketscope"
            }
        },
        {
            "_index": "pageindex",
            "_type": "ps",
            "_id": "79",
            "_score": 1.0,
            "_source": {
                "pagenum": "79",
                "title": "STARS PERFORMANCE",
                "desc": "S&P Capital IQ proprietary STARS (Stock Appreciation Ranking System) offers a fundamental approach to equities analysis. STARS evaluates the immediate investment potential of the stock it covers, with emphasis on the timing of investment decisions. View performance of S&P Capital IQ STARS versus the S&P 500.",
                "nav": "Left-hand navigation",
                "link": "stocks/starPerformance",
                "entitlement" : "pageIndex.stock"
            }
        } ,
        {
            "_index": "pageindex",
            "_type": "ps",
            "_id": "84",
            "_score": 1.0,
            "_source": {
                "pagenum": "84",
                "title": "S&P SECTOR OUTLOOK",
                "desc": "Features S&P's proposed sector weights. Updated by noon every Monday, or as warranted.",
                "nav": "Left-hand navigation",
                "link": "marketscope/sectors",
                "entitlement" : "pageIndex.marketscope"
            }
        }  ,
        {
            "_index": "pageindex",
            "_type": "ps",
            "_id": "85",
            "_score": 1.0,
            "_source": {
                "pagenum": "85",
                "title": "S&P SECTOR SCORECARD",
                "desc": "Best and worst performing industries within S&P 1500 for previous week. Updated by noon every Monday.",
                "nav": "Left-hand navigation",
                "link": "marketscope/sectors",
                "entitlement" : "pageIndex.marketscope"
            }
        },
        {
            "_index": "pageindex",
            "_type": "ps",
            "_id": "88",
            "_score": 1.0,
            "_source": {
                "pagenum": "88",
                "title": "INDUSTRY MOMENTUM Portfolio",
                "desc": "Portfoliorecommends sub-industries with high return potential. Generally updated the last trading day of each month.",
                "nav": "Left-hand navigation",
                "link": "marketscope/portfolios/portfoliosSubDetails/INMOM/Industry%20Momentum/CURRENT",
                "entitlement" : "pageIndex.marketscope"
            }
        } ,
        {
            "_index": "pageindex",
            "_type": "ps",
            "_id": "89",
            "_score": 1.0,
            "_source": {
                "pagenum": "89",
                "title": "S&P CAPITAL IQ SECTOR STRATEGIST",
                "desc": "S&P Capital IQ's Chief Invesment Officer tracks market-leading sectors, analyzes how sectors perform under certain market conditions, and more. Updated every Monday.",
                "nav": "Left-hand navigation",
                "link": "marketscope/sectors",
                "entitlement" : "pageIndex.marketscope"
            }
        } ,
        {
            "_index": "pageindex",
            "_type": "ps",
            "_id": "99",
            "_score": 1.0,
            "_source": {
                "pagenum": "99",
                "title": "FLASHES",
                "desc": "What's new on MarketScope Advisor? Find out S&P Capital IQ 's latest research, analysis, and news on stocks, mutual funds and ETFs.",
                "nav": "Left-hand navigation",
                "link": "home",
                "entitlement" : "pageIndex.marketscope"
            }
        }  ,
        {
            "_index": "pageindex",
            "_type": "ps",
            "_id": "107",
            "_score": 1.0,
            "_source": {
                "pagenum": "107",
                "title": "MARKET INTELLIGENCE",
                "desc": "Special reports from S&P Capital IQ’s Global Market Intelligence team and S&P Capital IQ Economics. Updated as warranted.",
                "nav": "Left-hand navigation",
                "link": "marketscope/marketIntelligence",
                "entitlement" : "pageIndex.marketscope"
            }
        },
        {
            "_index": "pageindex",
            "_type": "ps",
            "_id": "109",
            "_score": 1.0,
            "_source": {
                "pagenum": "109",
                "title": "S&P INDICES",
                "desc": "Data and information about various S&P Dow Jones indices, including the S&P 500, MidCap 400, and Small-Cap 600.",
                "nav": "Left-hand navigation",
                "link": "marketscope/indices",
                "entitlement" : "pageIndex.marketscope"
            }
        }
    ]
}}