{
    "portfolioConfig" : [
        {
            "portfolioId" : "FRVAL",
            "portfolioName":"Fair Value",
            "portfolioType" : "MarketScope",
            "hideDeleted" : false,
            "hidePerformance":false,
            "currentConfig" : {
                "columns" : [ {"columnName" :"Company Name", "dataIndex":"exchangeRegisteredName"}, {"columnName" :"Ticker Symbol", "dataIndex":"symbol"},{"columnName" :"Entry Date", "dataIndex":"entryDate"}, {"columnName" :"Entry Price", "dataIndex":"entryPrice"}, {"columnName" :"Current Price", "dataIndex":"currentPrice"}, {"columnName" :"Price Change", "dataIndex":"currentPriceChange"}, {"columnName" :"Fair Value", "dataIndex":"fairvalueRank"}, {"columnName" :"E-Surprise / Timing", "dataIndex":"eSupTiming"}],
                "formParams" :[{ "key":"PORTFOLIO_GRID","portfolioCode":"FRVAL","selectedTab":"current","start":"","limit":"","sort":"exchangeRegisteredName","dir":"ASC"}]
            },
            "deletedConfig" : {
                "columns" : [ {"columnName" :"Company Name", "dataIndex":"exchangeRegisteredName"}, {"columnName" :"Ticker Symbol", "dataIndex":"symbol"},{"columnName" :"Entry Date", "dataIndex":"entryDate"}, {"columnName" :"Entry Price", "dataIndex":"entryPrice"}, {"columnName" :"Date Deleted", "dataIndex":"exitDate"},{"columnName" :"Price on Deletion", "dataIndex":"exitPrice"}, {"columnName" :"Fair Value", "dataIndex":"fairvalueRank"}, {"columnName" :"E-Surprise / Timing", "dataIndex":"eSupTiming"}],
                "formParams" :[{ "key":"PORTFOLIO_GRID","portfolioCode":"FRVAL","selectedTab":"deleted","start":"","limit":"","sort":"exitDate","dir":"DESC","addnlSortParameters[0].sortProperty":"exchangeRegisteredName","addnlSortParameters[0].sortDirection":"ASC"}]
            }
        },{
            "portfolioId" : "GLPIK",
            "portfolioName":"Global Picks",
            "portfolioType" : "MarketScope",
            "hideDeleted" : true,
            "hidePerformance":false,
            "currentConfig" : {
                "columns" : [ {"columnName" :"Company Name", "dataIndex":"exchangeRegisteredName"}, {"columnName" :"Ticker Symbol", "dataIndex":"symbol"},{"columnName" :"Entry Date", "dataIndex":"entryDate"}, {"columnName" :"Entry Price", "dataIndex":"entryPrice"}, {"columnName" :"Current Price", "dataIndex":"currentPrice"}, {"columnName" :"Price Change", "dataIndex":"currentPriceChange"}, {"columnName" :"Stars", "dataIndex":"starRank"}, {"columnName" :"Exchange", "dataIndex":"exchangeId"}],
                "formParams" :[{ "key":"PORTFOLIO_GRID","portfolioCode":"GLPIK","selectedTab":"current","start":"","limit":"","sort":"exchangeRegisteredName","dir":"ASC","addnlSortParameters[0].sortProperty":"entryDate","addnlSortParameters[0].sortDirection":"DESC"}]
            }
        },{
            "portfolioId" : "HGYLD",
            "portfolioName":"High Yield Stocks",
            "portfolioType" : "Top Screens",
            "hideDeleted" : true,
            "hidePerformance":true,
            "currentConfig" : {
                "columns" : [ {"columnName" :"Company Name", "dataIndex":"exchangeRegisteredName"}, {"columnName" :"Ticker Symbol", "dataIndex":"symbol"}, {"columnName" :"Stars", "dataIndex":"starRank"}, {"columnName" :"Yield", "dataIndex":"yield"}],
                "formParams" :[{ "key":"PORTFOLIO_GRID","portfolioCode":"HGYLD","selectedTab":"current","start":"","limit":"","sort":"exchangeRegisteredName","dir":"ASC","addnlSortParameters[0].sortProperty":"entryDate","addnlSortParameters[0].sortDirection":"DESC"}]
            }
        },{
            "portfolioId" : "INCOM",
            "portfolioName":"Income Stocks",
            "portfolioType" : "Top Screens",
            "hideDeleted" : true,
            "hidePerformance":true,
            "currentConfig" : {
                "columns" : [ {"columnName" :"Company Name", "dataIndex":"exchangeRegisteredName"},{"columnName" :"Ticker Symbol", "dataIndex":"symbol"}, {"columnName" :"Stars", "dataIndex":"starRank"}, {"columnName" :"Yield", "dataIndex":"yield"}],
                "formParams" :[{ "key":"PORTFOLIO_GRID","portfolioCode":"INCOM","selectedTab":"current","start":"","limit":"","sort":"exchangeRegisteredName","dir":"ASC","addnlSortParameters[0].sortProperty":"entryDate","addnlSortParameters[0].sortDirection":"DESC","addnlSortParameters[1].sortProperty":"symbol","addnlSortParameters[1].sortDirection":"DESC"}]

            }
        },{
            "portfolioId" : "INMOM",
            "portfolioName":"Industry Momentum",
            "portfolioType" : "MarketScope",
            "hideDeleted" : false,
            "hidePerformance":false,
            "currentConfig" : {
                "columns" : [ {"columnName" :"Sub-Industry", "dataIndex":"subIndustryName"},{"columnName" :"Company Name", "dataIndex":"exchangeRegisteredName"}, {"columnName" :"Ticker Symbol", "dataIndex":"symbol"},{"columnName" :"Entry Date", "dataIndex":"entryDate"}, {"columnName" :"Entry Price", "dataIndex":"entryPrice"}, {"columnName" :"Current Price", "dataIndex":"currentPrice"}, {"columnName" :"Price Change", "dataIndex":"currentPriceChange"},{"columnName" :"Stars", "dataIndex":"starRank"}],
                "formParams" :[{ "key":"PORTFOLIO_GRID","portfolioCode":"INMOM","selectedTab":"current","start":"","limit":"","sort":"exchangeRegisteredName","dir":"ASC"}]
            },
            "deletedConfig" : {
                "columns" : [ {"columnName" :"Sub-Industry", "dataIndex":"subIndustryName"},{"columnName" :"Company Name", "dataIndex":"exchangeRegisteredName"}, {"columnName" :"Ticker Symbol", "dataIndex":"symbol"},{"columnName" :"Entry Date", "dataIndex":"entryDate"}, {"columnName" :"Entry Price", "dataIndex":"entryPrice"},{"columnName" :"Date Deleted", "dataIndex":"exitDate"},{"columnName" :"Price on Deletion", "dataIndex":"exitPrice"} ,{"columnName" :"Stars", "dataIndex":"starRank"}],
                "formParams" :[{ "key":"PORTFOLIO_GRID","portfolioCode":"INMOM","selectedTab":"deleted","start":"","limit":"","sort":"exitDate","dir":"DESC","addnlSortParameters[0].sortProperty":"exchangeRegisteredName","addnlSortParameters[0].sortDirection":"ASC"}]
            }
        },{
            "portfolioId" : "INVDS",
            "portfolioName":"Investment Ideas",
            "portfolioType" : "MarketScope",
            "hideDeleted" : false,
            "hidePerformance":false,
            "currentConfig" : {
                "columns" : [ {"columnName" :"Company Name", "dataIndex":"exchangeRegisteredName"}, {"columnName" :"Ticker Symbol", "dataIndex":"symbol"},{"columnName" :"Entry Date", "dataIndex":"entryDate"},{"columnName" :"Entry Price", "dataIndex":"entryPrice"},  {"columnName" :"Current Price", "dataIndex":"currentPrice"}, {"columnName" :"Price Change", "dataIndex":"currentPriceChange"}, {"columnName" :"Type", "dataIndex":"invType"}],
                "formParams" :[{ "key":"PORTFOLIO_GRID","portfolioCode":"INVDS","selectedTab":"current","start":"","limit":"","sort":"exchangeRegisteredName","dir":"ASC"}]
            },
            "deletedConfig" : {
                "columns" : [ {"columnName" :"Company Name", "dataIndex":"exchangeRegisteredName"}, {"columnName" :"Ticker Symbol", "dataIndex":"symbol"},{"columnName" :"Entry Date", "dataIndex":"entryDate"},{"columnName" :"Entry Price", "dataIndex":"entryPrice"},  {"columnName" :"Date Deleted", "dataIndex":"exitDate"},{"columnName" :"Price on Deletion", "dataIndex":"exitPrice"}, {"columnName" :"Type", "dataIndex":"invType"}],
                "formParams" :[{ "key":"PORTFOLIO_GRID","portfolioCode":"INVDS","selectedTab":"deleted","start":"","limit":"","sort":"exitDate","dir":"DESC","addnlSortParameters[0].sortProperty":"exchangeRegisteredName","addnlSortParameters[0].sortDirection":"ASC"}]
            }
        },{
            "portfolioId" : "PLATM",
            "portfolioName":"Platinum",
            "portfolioType" : "MarketScope",
            "hideDeleted" : false,
            "hidePerformance":false,
            "currentConfig" : {
                "columns" : [ {"columnName" :"Company Name", "dataIndex":"exchangeRegisteredName"}, {"columnName" :"Ticker Symbol", "dataIndex":"symbol"},{"columnName" :"Entry Date", "dataIndex":"entryDate"},{"columnName" :"Entry Price", "dataIndex":"entryPrice"},   {"columnName" :"Current Price", "dataIndex":"currentPrice"}, {"columnName" :"Price Change", "dataIndex":"currentPriceChange"}, {"columnName" :"Stars", "dataIndex":"starRank"}, {"columnName" :"Fair Value", "dataIndex":"fairvalueRank"}],
                "formParams" :[{ "key":"PORTFOLIO_GRID","portfolioCode":"PLATM","selectedTab":"current","start":"","limit":"","sort":"exchangeRegisteredName","dir":"ASC"}]
            },
            "deletedConfig" : {
                "columns" : [ {"columnName" :"Company Name", "dataIndex":"exchangeRegisteredName"}, {"columnName" :"Ticker Symbol", "dataIndex":"symbol"},{"columnName" :"Entry Date", "dataIndex":"entryDate"},{"columnName" :"Entry Price", "dataIndex":"entryPrice"}, {"columnName" :"Date Deleted", "dataIndex":"exitDate"}, {"columnName" :"Price on Deletion", "dataIndex":"exitPrice"},{"columnName" :"Stars", "dataIndex":"starRank"}, {"columnName" :"Fair Value", "dataIndex":"fairvalueRank"}],
                "formParams" :[{ "key":"PORTFOLIO_GRID","portfolioCode":"PLATM","selectedTab":"deleted","start":"","limit":"","sort":"exitDate","dir":"DESC","addnlSortParameters[0].sortProperty":"exchangeRegisteredName","addnlSortParameters[0].sortDirection":"ASC"}]
            }
        },{
            "portfolioId" : "PWPIK",
            "portfolioName":"Powerpicks",
            "portfolioType" : "MarketScope",
            "hideDeleted" : true,
            "hidePerformance":false,
            "currentConfig" : {
                "columns" : [ {"columnName" :"Company Name", "dataIndex":"exchangeRegisteredName"}, {"columnName" :"Ticker Symbol", "dataIndex":"symbol"},{"columnName" :"Entry Date", "dataIndex":"entryDate"},{"columnName" :"Entry Price", "dataIndex":"entryPrice"}, {"columnName" :"Current Price", "dataIndex":"currentPrice"}, {"columnName" :"Price Change", "dataIndex":"currentPriceChange"}, {"columnName" :"Stars", "dataIndex":"starRank"}, {"columnName" :"12-MO. Target Price", "dataIndex":"targetPrice12Month"}],
                "formParams" :[{ "key":"PORTFOLIO_GRID","portfolioCode":"PWPIK","selectedTab":"current","start":"","limit":"","sort":"exchangeRegisteredName","dir":"ASC","addnlSortParameters[0].sortProperty":"entryDate","addnlSortParameters[0].sortDirection":"DESC"}]
            }
        },{
            "portfolioId" : "QRNK2",
            "portfolioName":"Total Return",
            "portfolioType" : "MarketScope",
            "hideDeleted" : false,
            "hidePerformance":false,
            "currentConfig" : {
                "columns" : [ {"columnName" :"Company Name", "dataIndex":"exchangeRegisteredName"}, {"columnName" :"Ticker Symbol", "dataIndex":"symbol"}, {"columnName" :"Entry Date", "dataIndex":"entryDate"},{"columnName" :"Entry Price", "dataIndex":"entryPrice"}, {"columnName" :"Current Price", "dataIndex":"currentPrice"}, {"columnName" :"Price Change", "dataIndex":"currentPriceChange"}, {"columnName" :"Stars", "dataIndex":"starRank"}, {"columnName" :"Yield", "dataIndex":"yield"}],
                "formParams" :[{ "key":"PORTFOLIO_GRID","portfolioCode":"QRNK2","selectedTab":"current","start":"","limit":"","sort":"exchangeRegisteredName","dir":"ASC"}]
            },
            "deletedConfig" : {
                "columns" : [ {"columnName" :"Company Name", "dataIndex":"exchangeRegisteredName"}, {"columnName" :"Ticker Symbol", "dataIndex":"symbol"},{"columnName" :"Entry Date", "dataIndex":"entryDate"}, {"columnName" :"Entry Price", "dataIndex":"entryPrice"}, {"columnName" :"Date Deleted", "dataIndex":"exitDate"},{"columnName" :"Price on Deletion", "dataIndex":"exitPrice"}, {"columnName" :"Stars", "dataIndex":"starRank"}, {"columnName" :"Yield", "dataIndex":"yield"}],
                "formParams" :[{ "key":"PORTFOLIO_GRID","portfolioCode":"QRNK2","selectedTab":"deleted","start":"","limit":"","sort":"exchangeRegisteredName","dir":"ASC","addnlSortParameters[0].sortProperty":"exitDate","addnlSortParameters[0].sortDirection":"DESC"}]
            }
        },{
            "portfolioId" : "TOPTN",
            "portfolioName":"Top Ten",
            "portfolioType" : "MarketScope",
            "hideDeleted" : false,
            "hidePerformance":false,
            "currentConfig" : {
                "columns" : [ {"columnName" :"Company Name", "dataIndex":"exchangeRegisteredName"}, {"columnName" :"Ticker Symbol", "dataIndex":"symbol"},{"columnName" :"Entry Date", "dataIndex":"entryDate"},{"columnName" :"Entry Price", "dataIndex":"entryPrice"}, {"columnName" :"Current Price", "dataIndex":"currentPrice"}, {"columnName" :"Price Change", "dataIndex":"currentPriceChange"}, {"columnName" :"Stars", "dataIndex":"starRank"}, {"columnName" :"12-MO. Target Price", "dataIndex":"targetPrice12Month"}],
                "formParams" :[{ "key":"PORTFOLIO_GRID","portfolioCode":"TOPTN","selectedTab":"current","start":"","limit":"","sort":"exchangeRegisteredName","dir":"ASC","addnlSortParameters[0].sortProperty":"entryDate","addnlSortParameters[0].sortDirection":"DESC"}]
            },
            "deletedConfig" : {
                "columns" : [ {"columnName" :"Company Name", "dataIndex":"exchangeRegisteredName"}, {"columnName" :"Ticker Symbol", "dataIndex":"symbol"},{"columnName" :"Entry Date", "dataIndex":"entryDate"},{"columnName" :"Entry Price", "dataIndex":"entryPrice"}, {"columnName" :"Date Deleted", "dataIndex":"exitDate"},{"columnName" :"Price on Deletion", "dataIndex":"exitPrice"}, {"columnName" :"Stars", "dataIndex":"starRank"}, {"columnName" :"12-MO. Target Price", "dataIndex":"targetPrice12Month"}],
                "formParams" :[{ "key":"PORTFOLIO_GRID","portfolioCode":"TOPTN","selectedTab":"deleted","start":"","limit":"","sort":"exchangeRegisteredName","dir":"ASC","addnlSortParameters[0].sortProperty":"exitDate","addnlSortParameters[0].sortDirection":"DESC"}]
            }
        },{
            "portfolioId" : "QRNK3",
            "portfolioName":"Small/Mid-Cap Growth",
            "portfolioType" : "MarketScope",
            "hideDeleted" : false,
            "hidePerformance":false,
            "currentConfig" : {
                "columns" : [ {"columnName" :"Company Name", "dataIndex":"exchangeRegisteredName"}, {"columnName" :"Ticker Symbol", "dataIndex":"symbol"},{"columnName" :"Entry Date", "dataIndex":"entryDate"}, {"columnName" :"Entry Price", "dataIndex":"entryPrice"}, {"columnName" :"Current Price", "dataIndex":"currentPrice"}, {"columnName" :"Price Change", "dataIndex":"currentPriceChange"}, {"columnName" :"Stars", "dataIndex":"starRank"}, {"columnName" :"Quality Rank", "dataIndex":"qualityRank"}],
                "formParams" :[{ "key":"PORTFOLIO_GRID","portfolioCode":"QRNK3","selectedTab":"current","start":"","limit":"","sort":"exchangeRegisteredName","dir":"ASC","addnlSortParameters[0].sortProperty":"entryDate","addnlSortParameters[0].sortDirection":"DESC"}]
            },
            "deletedConfig" : {
                "columns" : [ {"columnName" :"Company Name", "dataIndex":"exchangeRegisteredName"}, {"columnName" :"Ticker Symbol", "dataIndex":"symbol"},{"columnName" :"Entry Date", "dataIndex":"entryDate"}, {"columnName" :"Entry Price", "dataIndex":"entryPrice"}, {"columnName" :"Date Deleted", "dataIndex":"exitDate"},{"columnName" :"Price on Deletion", "dataIndex":"exitPrice"}, {"columnName" :"Stars", "dataIndex":"starRank"},{"columnName" :"Quality Rank", "dataIndex":"qualityRank"}],
                "formParams" :[{ "key":"PORTFOLIO_GRID","portfolioCode":"QRNK3","selectedTab":"deleted","start":"","limit":"","sort":"exchangeRegisteredName","dir":"ASC","addnlSortParameters[0].sortProperty":"exitDate","addnlSortParameters[0].sortDirection":"DESC"}]
            }
        },{
            "portfolioId" : "QRNK1",
            "portfolioName":"High-Quality Capital Appreciation",
            "portfolioType" : "MarketScope",
            "hideDeleted" : false,
            "hidePerformance":false,
            "currentConfig" : {
                "columns" : [ {"columnName" :"Company Name", "dataIndex":"exchangeRegisteredName"}, {"columnName" :"Ticker Symbol", "dataIndex":"symbol"},{"columnName" :"Entry Date", "dataIndex":"entryDate"}, {"columnName" :"Entry Price", "dataIndex":"entryPrice"}, {"columnName" :"Current Price", "dataIndex":"currentPrice"}, {"columnName" :"Price Change", "dataIndex":"currentPriceChange"}, {"columnName" :"Stars", "dataIndex":"starRank"}, {"columnName" :"Quality Rank", "dataIndex":"qualityRank"}],
                "formParams" :[{ "key":"PORTFOLIO_GRID","portfolioCode":"QRNK1","selectedTab":"current","start":"","limit":"","sort":"exchangeRegisteredName","dir":"ASC","addnlSortParameters[0].sortProperty":"entryDate","addnlSortParameters[0].sortDirection":"DESC"}]
            },
            "deletedConfig" : {
                "columns" : [ {"columnName" :"Company Name", "dataIndex":"exchangeRegisteredName"}, {"columnName" :"Ticker Symbol", "dataIndex":"symbol"},{"columnName" :"Entry Date", "dataIndex":"entryDate"}, {"columnName" :"Entry Price", "dataIndex":"entryPrice"}, {"columnName" :"Date Deleted", "dataIndex":"exitDate"},{"columnName" :"Price on Deletion", "dataIndex":"exitPrice"}, {"columnName" :"Stars", "dataIndex":"starRank"},{"columnName" :"Quality Rank", "dataIndex":"qualityRank"}],
                "formParams" :[{ "key":"PORTFOLIO_GRID","portfolioCode":"QRNK1","selectedTab":"deleted","start":"","limit":"","sort":"exchangeRegisteredName","dir":"ASC","addnlSortParameters[0].sortProperty":"exitDate","addnlSortParameters[0].sortDirection":"DESC"}]
            }
        },{
            "portfolioId" : "GLDPE",
            "portfolioName":"Global Large Diversified Portfolio ETF",
            "portfolioType" : "ETF",
            "hideDeleted" : false,
            "hidePerformance":false,
            "currentConfig" : {
                "columns" : [ {"columnName" :"ETF Name", "dataIndex":"exchangeRegisteredName"}, {"columnName" :"Ticker Symbol", "dataIndex":"symbol"},{"columnName" :"Entry Date", "dataIndex":"entryDate"},{"columnName" :"Entry Price", "dataIndex":"entryPrice"},{"columnName" :"Current Price", "dataIndex":"currentPrice"}, {"columnName" :"Price Change", "dataIndex":"currentPriceChange"},  {"columnName" :"S&P Ranking", "dataIndex":"overallIndVal"}, {"columnName" :"Style", "dataIndex":"etfType"}],
                "formParams" :[{ "key":"PORTFOLIO_GRID","portfolioCode":"GLDPE","selectedTab":"current","start":"","limit":"","sort":"exchangeRegisteredName","dir":"ASC","addnlSortParameters[0].sortProperty":"entryDate","addnlSortParameters[0].sortDirection":"DESC"}]
            },
            "deletedConfig" : {
                "columns" : [ {"columnName" :"ETF Name", "dataIndex":"exchangeRegisteredName"}, {"columnName" :"Ticker Symbol", "dataIndex":"symbol"},{"columnName" :"Entry Date", "dataIndex":"entryDate"},{"columnName" :"Entry Price", "dataIndex":"entryPrice"},{"columnName" :"Date Deleted", "dataIndex":"exitDate"},{"columnName" :"Price on Deletion", "dataIndex":"exitPrice"}, {"columnName" :"S&P Ranking", "dataIndex":"overallIndVal"}, {"columnName" :"Style", "dataIndex":"etfType"}],
                "formParams" :[{ "key":"PORTFOLIO_GRID","portfolioCode":"GLDPE","selectedTab":"deleted","start":"","limit":"","sort":"exchangeRegisteredName","dir":"ASC","addnlSortParameters[0].sortProperty":"exitDate","addnlSortParameters[0].sortDirection":"DESC"}]
            }
        },{
            "portfolioId" : "WGRPE",
            "portfolioName":"S&P World Growth ETF Portfolio",
            "portfolioType" : "ETF",
            "hideDeleted" : false,
            "hidePerformance":false,
            "currentConfig" : {
                "columns" : [ {"columnName" :"ETF Name", "dataIndex":"exchangeRegisteredName"}, {"columnName" :"Ticker Symbol", "dataIndex":"symbol"},{"columnName" :"Entry Date", "dataIndex":"entryDate"}, {"columnName" :"Entry Price", "dataIndex":"entryPrice"},{"columnName" :"Current Price", "dataIndex":"currentPrice"}, {"columnName" :"Price Change", "dataIndex":"currentPriceChange"},{"columnName" :"S&P Ranking", "dataIndex":"overallIndVal"}, {"columnName" :"Style", "dataIndex":"etfType"}],
                "formParams" :[{ "key":"PORTFOLIO_GRID","portfolioCode":"WGRPE","selectedTab":"current","start":"","limit":"","sort":"exchangeRegisteredName","dir":"ASC","addnlSortParameters[0].sortProperty":"entryDate","addnlSortParameters[0].sortDirection":"DESC"}]
            },
            "deletedConfig" : {
                "columns" : [ {"columnName" :"ETF Name", "dataIndex":"exchangeRegisteredName"}, {"columnName" :"Ticker Symbol", "dataIndex":"symbol"},{"columnName" :"Entry Date", "dataIndex":"entryDate"},{"columnName" :"Entry Price", "dataIndex":"entryPrice"},  {"columnName" :"Date Deleted", "dataIndex":"exitDate"},{"columnName" :"Price on Deletion", "dataIndex":"exitPrice"}, {"columnName" :"S&P Ranking", "dataIndex":"overallIndVal"}, {"columnName" :"Style", "dataIndex":"etfType"}],
                "formParams" :[{ "key":"PORTFOLIO_GRID","portfolioCode":"WGRPE","selectedTab":"deleted","start":"","limit":"","sort":"exitDate","dir":"DESC","addnlSortParameters[0].sortProperty":"exchangeRegisteredName","addnlSortParameters[0].sortDirection":"ASC"}]

            }
        },{
            "portfolioId" : "CONPE",
            "portfolioName":"Contrarian ETF Portfolio",
            "portfolioType" : "ETF",
            "hideDeleted" : false,
            "hidePerformance":false,
            "currentConfig" : {
                "columns" : [ {"columnName" :"ETF Name", "dataIndex":"exchangeRegisteredName"}, {"columnName" :"Ticker Symbol", "dataIndex":"symbol"},{"columnName" :"Entry Date", "dataIndex":"entryDate"},{"columnName" :"Entry Price", "dataIndex":"entryPrice"},{"columnName" :"Current Price", "dataIndex":"currentPrice"}, {"columnName" :"Price Change", "dataIndex":"currentPriceChange"},  {"columnName" :"S&P Ranking", "dataIndex":"overallIndVal"}, {"columnName" :"Style", "dataIndex":"etfType"}],
                "formParams" :[{ "key":"PORTFOLIO_GRID","portfolioCode":"CONPE","selectedTab":"current","start":"","limit":"","sort":"exchangeRegisteredName","dir":"ASC","addnlSortParameters[0].sortProperty":"entryDate","addnlSortParameters[0].sortDirection":"DESC"}]
            },
            "deletedConfig" : {
                "columns" : [ {"columnName" :"ETF Name", "dataIndex":"exchangeRegisteredName"}, {"columnName" :"Ticker Symbol", "dataIndex":"symbol"},{"columnName" :"Entry Date", "dataIndex":"entryDate"},{"columnName" :"Entry Price", "dataIndex":"entryPrice"},  {"columnName" :"Date Deleted", "dataIndex":"exitDate"},{"columnName" :"Price on Deletion", "dataIndex":"exitPrice"}, {"columnName" :"S&P Ranking", "dataIndex":"overallIndVal"}, {"columnName" :"Style", "dataIndex":"etfType"}],
                "formParams" :[{ "key":"PORTFOLIO_GRID","portfolioCode":"CONPE","selectedTab":"deleted","start":"","limit":"","sort":"exitDate","dir":"DESC","addnlSortParameters[0].sortProperty":"exchangeRegisteredName","addnlSortParameters[0].sortDirection":"ASC"}]
            }
        },{
            "portfolioId" : "USWB",
            "portfolioName":"Warren Buffett (Intrinsic Value)",
            "portfolioType" : "MarketScope",
            "hideDeleted" : true,
            "hidePerformance":false,
            "currentConfig" : {
                "columns" : [ {"columnName" :"Company Name", "dataIndex":"exchangeRegisteredName"}, {"columnName" :"Ticker Symbol", "dataIndex":"symbol"}, {"columnName" :"Entry Date", "dataIndex":"entryDate"},{"columnName" :"Entry Price", "dataIndex":"entryPrice"},  {"columnName" :"Current Price", "dataIndex":"currentPrice"}, {"columnName" :"Price Change", "dataIndex":"currentPriceChange"}, {"columnName" :"Stars", "dataIndex":"starRank"}, {"columnName" :"Quality Rank", "dataIndex":"qualityRank"}],
                "formParams" :[{ "key":"PORTFOLIO_GRID","portfolioCode":"USWB","selectedTab":"current","start":"","limit":"","sort":"exchangeRegisteredName","dir":"ASC","addnlSortParameters[0].sortProperty":"entryDate","addnlSortParameters[0].sortDirection":"DESC"}]
            }
        },{
            "portfolioId" : "USMPP",
            "portfolioName":"Mid-year Powerpicks",
            "portfolioType" : "MarketScope",
            "hideDeleted" : true,
            "hidePerformance":false,
            "currentConfig" : {
                "columns" : [ {"columnName" :"Company Name", "dataIndex":"exchangeRegisteredName"}, {"columnName" :"Ticker Symbol", "dataIndex":"symbol"},{"columnName" :"Entry Date", "dataIndex":"entryDate"},{"columnName" :"Entry Price", "dataIndex":"entryPrice"},   {"columnName" :"Current Price", "dataIndex":"currentPrice"}, {"columnName" :"Price Change", "dataIndex":"currentPriceChange"}, {"columnName" :"Stars", "dataIndex":"starRank"}, {"columnName" :"12-MO. Target Price", "dataIndex":"targetPrice12Month"}],
                "formParams" :[{ "key":"PORTFOLIO_GRID","portfolioCode":"USMPP","selectedTab":"current","start":"","limit":"","sort":"exchangeRegisteredName","dir":"ASC","addnlSortParameters[0].sortProperty":"entryDate","addnlSortParameters[0].sortDirection":"DESC"}]
            }
        },{
            "portfolioId" : "USFSP",
            "portfolioName":"Focus Stock of the Week",
            "portfolioType" : "MarketScope",
            "hideDeleted" : true,
            "hidePerformance":false,
            "currentConfig" : {
                "columns" : [ {"columnName" :"Company Name", "dataIndex":"exchangeRegisteredName"}, {"columnName" :"Ticker Symbol", "dataIndex":"symbol"},{"columnName" :"Entry Date", "dataIndex":"entryDate"}, {"columnName" :"Entry Price", "dataIndex":"entryPrice"}, {"columnName" :"Current Price", "dataIndex":"currentPrice"}, {"columnName" :"Price Change", "dataIndex":"currentPriceChange"}, {"columnName" :"Stars", "dataIndex":"starRank"}, {"columnName" :"Quality Rank", "dataIndex":"qualityRank"}],
                "formParams" :[{ "key":"PORTFOLIO_GRID","portfolioCode":"USFSP","selectedTab":"current","start":"","limit":"","sort":"exchangeRegisteredName","dir":"ASC","addnlSortParameters[0].sortProperty":"entryDate","addnlSortParameters[0].sortDirection":"DESC"}]
            }
        },{
            "portfolioId" : "NFRVL",
            "portfolioName":"Neural Fair Value 25",
            "portfolioType" : "MarketScope",
            "hideDeleted" : false,
            "hidePerformance":false,
            "currentConfig" : {
                "columns" : [ {"columnName" :"Company Name", "dataIndex":"exchangeRegisteredName"}, {"columnName" :"Ticker Symbol", "dataIndex":"symbol"},{"columnName" :"Entry Date", "dataIndex":"entryDate"},{"columnName" :"Entry Price", "dataIndex":"entryPrice"},   {"columnName" :"Current Price", "dataIndex":"currentPrice"}, {"columnName" :"Price Change", "dataIndex":"currentPriceChange"}, {"columnName" :"NEURAL FAIR VALUE", "dataIndex":"neuralFairvalue"}, {"columnName" :"E-Surprise / Timing", "dataIndex":"eSupTiming"}],
                "formParams" :[{ "key":"PORTFOLIO_GRID","portfolioCode":"NFRVL","selectedTab":"current","start":"","limit":"","sort":"exchangeRegisteredName","dir":"ASC"}]
            },
            "deletedConfig" : {
                "columns" : [ {"columnName" :"Company Name", "dataIndex":"exchangeRegisteredName"}, {"columnName" :"Ticker Symbol", "dataIndex":"symbol"},  {"columnName" :"Entry Date", "dataIndex":"entryDate"},{"columnName" :"Entry Price", "dataIndex":"entryPrice"}, {"columnName" :"Price on Deletion", "dataIndex":"exitPrice"}, {"columnName" :"Date Deleted", "dataIndex":"exitDate"}, {"columnName" :"NEURAL FAIR VALUE", "dataIndex":"neuralFairvalue"}, {"columnName" :"E-Surprise / Timing", "dataIndex":"eSupTiming"}],
                "formParams" :[{ "key":"PORTFOLIO_GRID","portfolioCode":"NFRVL","selectedTab":"deleted","start":"","limit":"","sort":"exitDate","dir":"DESC","addnlSortParameters[0].sortProperty":"exchangeRegisteredName","addnlSortParameters[0].sortDirection":"ASC"}]
            }
        }
    ],
    "dataIndex" : {
        "exchangeRegisteredName":"",
        "subIndustryName":"",
        "symbol":"",
        "entryDate":"",
        "entryPrice":"",
        "currentPrice":"",
        "currentPriceChange":"",
        "fairvalueRank":"",
        "overallIndVal":"",
        "etfType":"",
        "starRank":"",
        "yield":"",
        "targetPrice12Month":"",
        "exchangeId":"",
        "qualityRank":"",
        "eSupTiming":"",
        "exitDate":"",
        "exitPrice":"",
        "neuralFairvalue":"",
        "invType":"",
        "relativeStrength":""
    },
    "homePageContent":"S&P Capital IQ <I>MarketScope Advisor</I> offers portfolios based on our proprietary qualitative and quantitative ranking systems. For instance, most of our portfolios are centered on our Stock Appreciation Ranking System (STARS), a qualitative stock selection methodology. This ranking system is based on fundamental research conducted by S&P Capital IQ own equity analysts. A recommendation on an equity is assigned according to a scale that ranges from 5 STARS (strong buy) to 1 STARS (strong sell). Some of our STARS-based portfolios include the PowerPicks, Global Picks, and the Top Ten Portfolio. <br/><br/>In addition to the qualitative methodology, some of our portfolios are based on proprietary quantitative systems such as the Fair Value Ranking system, Neural Ranking system, the Quality Ranking, or the Relative Strength Ranking. Some of our quantitative-based portfolios include the Fair Value Portfolio, the Neural Fair Value 25, and Industry Momentum Portfolio. <br/><br/>Some of <I>MarketScope Advisor's</I> portfolios combine the methodologies. For instance, the Platinum Portfolio incorporates both our STARS methodology and our Fair Value Ranking systems, and the High Quality Capital Appreciation Portfolio combines our STARS rankings with our Quality Ranking system.<br/><br/>We also offer a model portfolio based on both quantitative and qualitative methodologies, combined with technical analysis, the Investment Ideas portfolio.<br/><br/>Finally, we also offer three portfolios for which the underlying holdings are exchange-traded funds (ETFs) rather than stocks: Contrarian ETF, Global Large Cap Diversified ETF, and World Growth ETF.",
    "availablePortfoliosOnlandingPage":"FRVAL,USFSP,GLPIK,INMOM,PLATM,PWPIK,TOPTN,QRNK2,QRNK3,QRNK1,INVDS,USMPP,USWB,NFRVL",
    "ETF_PORTFOLIOS":"GLDPE,WGRPE,CONPE",
    "etfPortfolioLandingPageSummary": "S&amp;P Capital IQ MarketScope Advisor ETF research module offers three ETF portfolios that employ a qualitative overlay on our quantitative ETF methodology. The Global Equity and World Growth portfolios are designed to mimic S&amp;P&#039;s global investment strategy by holding ETFs that offer exposure to various sector and non-US market weightings recommended by the S&amp;P strategy team, or in the case of the Contrarian portfolio, hold ETFs that we believe are underappreciated by the consensus and where upside catalysts may emerge.",
    "TOP_SCREENS":"INCOM,HGYLD"
}
